match_id,ronda_n,jugador,fase,es_mano,puntos_propios,puntos_rival,c1,c2,c3,c4,tengo_pares,tipo_pares,tengo_juego,suma_puntos,descartes_rival,rival_pares_deducido,es_juego_real,prob_grande,prob_chica,prob_pares,prob_juego,accion_realizada,cantidad_apostada,gano_ronda,origen_log
RSRQ4I,1,Janita,mus,1,0,0,11,11,6,1,1,1,0,27,0,0,0,34.42,51.62,75.0,61.04,mus,0,0,RSRQ4I.jsonl
RSRQ4I,1,Juanito,mus,0,0,0,12,7,6,6,1,1,0,29,0,0,0,55.44,8.14,66.37,68.07,mus,0,1,RSRQ4I.jsonl
RSRQ4I,1,Janita,descarte,1,0,0,11,11,6,1,1,1,0,27,0,0,0,34.42,51.62,75.0,61.04,descarte,0,0,RSRQ4I.jsonl
RSRQ4I,1,Juanito,descarte,0,0,0,12,7,6,6,1,1,0,29,1,0,0,55.44,8.14,66.37,68.07,descarte,0,1,RSRQ4I.jsonl
RSRQ4I,1,Janita,mus,1,0,0,11,11,7,1,1,1,0,28,3,0,0,33.28,45.78,73.95,67.89,mus,0,0,RSRQ4I.jsonl
RSRQ4I,1,Juanito,mus,0,0,0,12,12,10,4,1,1,1,34,1,0,1,93.62,18.76,79.42,77.95,mus,0,1,RSRQ4I.jsonl
RSRQ4I,1,Juanito,descarte,0,0,0,12,12,10,4,1,1,1,34,1,0,1,93.62,18.76,79.42,77.95,descarte,0,1,RSRQ4I.jsonl
RSRQ4I,1,Janita,descarte,1,0,0,11,11,7,1,1,1,0,28,5,0,0,33.28,45.78,73.95,67.89,descarte,0,0,RSRQ4I.jsonl
RSRQ4I,1,Janita,mus,1,0,0,11,11,10,1,1,1,1,31,5,0,1,30.8,46.63,72.46,99.99,no_mus,0,0,RSRQ4I.jsonl
RSRQ4I,1,Janita,Grande,1,0,0,11,11,10,1,1,1,1,31,5,0,1,30.8,46.63,72.46,99.99,envidar,2,0,RSRQ4I.jsonl
RSRQ4I,1,Juanito,Grande,0,0,0,12,12,12,12,1,3,1,40,3,0,1,100.0,0.0,100.0,89.48,subir,4,1,RSRQ4I.jsonl
RSRQ4I,1,Janita,Grande,1,0,0,11,11,10,1,1,1,1,31,5,0,1,30.8,46.63,72.46,99.99,nover,0,0,RSRQ4I.jsonl
RSRQ4I,1,Janita,Chica,1,0,2,11,11,10,1,1,1,1,31,5,0,1,30.8,46.63,72.46,99.99,envidar,2,0,RSRQ4I.jsonl
RSRQ4I,1,Juanito,Chica,0,2,0,12,12,12,12,1,3,1,40,3,0,1,100.0,0.0,100.0,89.48,nover,0,1,RSRQ4I.jsonl
RSRQ4I,1,Janita,Pares,1,1,2,11,11,10,1,1,1,1,31,5,1,1,30.8,46.63,52.46,99.99,envidar,2,0,RSRQ4I.jsonl
RSRQ4I,1,Juanito,Pares,0,2,1,12,12,12,12,1,3,1,40,3,1,1,100.0,0.0,99.99,90.11,subir,2,1,RSRQ4I.jsonl
RSRQ4I,1,Janita,Pares,1,1,2,11,11,10,1,1,1,1,31,5,1,1,30.8,46.63,52.46,99.99,ver,0,0,RSRQ4I.jsonl
RSRQ4I,1,Janita,Juego,1,1,2,11,11,10,1,1,1,1,31,5,1,1,30.8,46.63,52.46,99.96,envidar,2,0,RSRQ4I.jsonl
RSRQ4I,1,Juanito,Juego,0,2,1,12,12,12,12,1,3,1,40,3,1,1,100.0,0.0,99.99,48.42,nover,0,1,RSRQ4I.jsonl
RSRQ4I,2,Juanito,mus,1,9,5,10,7,5,1,0,0,0,23,0,0,0,15.48,63.97,42.69,36.07,mus,0,0,RSRQ4I.jsonl
RSRQ4I,2,Janita,mus,0,5,9,11,10,10,5,1,1,1,35,0,0,1,33.13,11.6,70.98,83.38,mus,0,1,RSRQ4I.jsonl
RSRQ4I,2,Janita,descarte,0,5,9,11,10,10,5,1,1,1,35,0,0,1,33.13,11.6,70.98,83.38,descarte,0,1,RSRQ4I.jsonl
RSRQ4I,2,Juanito,descarte,1,9,5,10,7,5,1,0,0,0,23,2,0,0,15.48,63.97,42.69,36.07,descarte,0,0,RSRQ4I.jsonl
RSRQ4I,2,Juanito,mus,1,9,5,11,5,1,1,1,1,0,17,2,0,0,18.98,94.28,53.1,9.46,mus,0,0,RSRQ4I.jsonl
RSRQ4I,2,Janita,mus,0,5,9,10,10,5,1,1,1,0,26,3,0,0,18.76,60.24,69.16,50.9,mus,0,1,RSRQ4I.jsonl
RSRQ4I,2,Juanito,descarte,1,9,5,11,5,1,1,1,1,0,17,2,0,0,18.98,94.28,53.1,9.46,descarte,0,0,RSRQ4I.jsonl
RSRQ4I,2,Janita,descarte,0,5,9,10,10,5,1,1,1,0,26,5,0,0,18.76,60.24,69.16,50.9,descarte,0,1,RSRQ4I.jsonl
RSRQ4I,2,Juanito,mus,1,9,5,11,1,1,1,1,2,0,13,4,0,0,19.08,99.48,91.0,2.53,mus,0,0,RSRQ4I.jsonl
RSRQ4I,2,Janita,mus,0,5,9,10,10,6,1,1,1,0,27,5,0,0,16.35,56.77,67.11,51.3,mus,0,1,RSRQ4I.jsonl
RSRQ4I,2,Juanito,descarte,1,9,5,11,1,1,1,1,2,0,13,4,0,0,19.08,99.48,91.0,2.53,descarte,0,0,RSRQ4I.jsonl
RSRQ4I,2,Janita,descarte,0,5,9,10,10,6,1,1,1,0,27,6,0,0,16.35,56.77,67.11,51.3,descarte,0,1,RSRQ4I.jsonl
RSRQ4I,2,Juanito,mus,1,9,5,12,1,1,1,1,2,0,13,6,0,0,32.57,99.32,92.36,2.86,mus,0,0,RSRQ4I.jsonl
RSRQ4I,2,Janita,mus,0,5,9,10,10,6,1,1,1,0,27,6,0,0,13.85,61.38,64.32,47.08,mus,0,1,RSRQ4I.jsonl
RSRQ4I,2,Juanito,descarte,1,9,5,12,1,1,1,1,2,0,13,6,0,0,32.57,99.32,92.36,2.86,descarte,0,0,RSRQ4I.jsonl
RSRQ4I,2,Janita,descarte,0,5,9,10,10,6,1,1,1,0,27,7,0,0,13.85,61.38,64.32,47.08,descarte,0,1,RSRQ4I.jsonl
RSRQ4I,2,Juanito,mus,1,9,5,6,1,1,1,1,2,0,9,8,0,0,1.52,99.73,92.26,0.4,mus,0,0,RSRQ4I.jsonl
RSRQ4I,2,Janita,mus,0,5,9,10,10,6,4,1,1,0,30,7,0,0,11.36,34.75,60.3,61.21,mus,0,1,RSRQ4I.jsonl
RSRQ4I,2,Juanito,descarte,1,9,5,6,1,1,1,1,2,0,9,8,0,0,1.52,99.73,92.26,0.4,descarte,0,0,RSRQ4I.jsonl
RSRQ4I,2,Janita,descarte,0,5,9,10,10,6,4,1,1,0,30,8,0,0,11.36,34.75,60.3,61.21,descarte,0,1,RSRQ4I.jsonl
RSRQ4I,2,Juanito,mus,1,9,5,11,1,1,1,1,2,0,13,10,0,0,23.71,99.24,91.46,3.44,mus,0,0,RSRQ4I.jsonl
RSRQ4I,2,Janita,mus,0,5,9,12,10,10,4,1,1,1,34,8,0,1,51.73,28.74,62.15,65.17,mus,0,1,RSRQ4I.jsonl
RSRQ4I,2,Janita,descarte,0,5,9,12,10,10,4,1,1,1,34,8,0,1,51.73,28.74,62.15,65.17,descarte,0,1,RSRQ4I.jsonl
RSRQ4I,2,Juanito,descarte,1,9,5,11,1,1,1,1,2,0,13,11,0,0,23.71,99.24,91.46,3.44,descarte,0,0,RSRQ4I.jsonl
RSRQ4I,2,Juanito,mus,1,9,5,12,1,1,1,1,2,0,13,11,0,0,34.44,99.06,92.87,3.96,no_mus,0,0,RSRQ4I.jsonl
RSRQ4I,2,Juanito,Grande,1,9,5,12,1,1,1,1,2,0,13,11,0,0,34.44,99.06,92.87,3.96,envidar,2,0,RSRQ4I.jsonl
RSRQ4I,2,Janita,Grande,0,5,9,12,10,10,4,1,1,1,34,9,0,1,48.92,32.3,59.49,62.66,ver,0,1,RSRQ4I.jsonl
RSRQ4I,2,Juanito,Chica,1,9,5,12,1,1,1,1,2,0,13,11,0,0,34.44,99.06,92.87,3.96,envidar,2,0,RSRQ4I.jsonl
RSRQ4I,2,Janita,Chica,0,5,9,12,10,10,4,1,1,1,34,9,0,1,48.92,32.3,59.49,62.66,nover,0,1,RSRQ4I.jsonl
RSRQ4I,2,Juanito,Pares,1,10,5,12,1,1,1,1,2,0,13,11,1,0,34.44,99.06,87.42,6.99,envidar,2,0,RSRQ4I.jsonl
RSRQ4I,2,Janita,Pares,0,5,10,12,10,10,4,1,1,1,34,9,1,1,48.92,32.3,35.62,54.74,subir,4,1,RSRQ4I.jsonl
RSRQ4I,2,Juanito,Pares,1,10,5,12,1,1,1,1,2,0,13,11,1,0,34.44,99.06,87.42,6.99,nover,0,0,RSRQ4I.jsonl
RSRQ4I,3,Janita,mus,1,12,10,12,10,7,1,0,0,0,28,0,0,0,65.47,47.36,44.43,68.39,mus,0,0,RSRQ4I.jsonl
RSRQ4I,3,Juanito,mus,0,10,12,12,6,5,1,0,0,0,22,0,0,0,46.61,64.72,0.0,23.36,mus,0,1,RSRQ4I.jsonl
RSRQ4I,3,Juanito,descarte,0,10,12,12,6,5,1,0,0,0,22,0,0,0,46.61,64.72,0.0,23.36,descarte,0,1,RSRQ4I.jsonl
RSRQ4I,3,Janita,descarte,1,12,10,12,10,7,1,0,0,0,28,3,0,0,65.47,47.36,44.43,68.39,descarte,0,0,RSRQ4I.jsonl
RSRQ4I,3,Janita,mus,1,12,10,12,10,6,5,0,0,1,31,3,0,1,60.59,15.1,42.43,100.0,mus,0,0,RSRQ4I.jsonl
RSRQ4I,3,Juanito,mus,0,10,12,12,12,7,1,1,1,0,28,3,0,0,90.18,48.23,81.63,56.98,mus,0,1,RSRQ4I.jsonl
RSRQ4I,3,Juanito,descarte,0,10,12,12,12,7,1,1,1,0,28,3,0,0,90.18,48.23,81.63,56.98,descarte,0,1,RSRQ4I.jsonl
RSRQ4I,3,Janita,descarte,1,12,10,12,10,6,5,0,0,1,31,5,0,1,60.59,15.1,42.43,100.0,descarte,0,0,RSRQ4I.jsonl
RSRQ4I,3,Janita,mus,1,12,10,12,7,4,1,0,0,0,22,5,0,0,45.62,73.94,42.35,32.54,mus,0,0,RSRQ4I.jsonl
RSRQ4I,3,Juanito,mus,0,10,12,12,12,6,1,1,1,0,27,6,0,0,87.21,58.32,80.42,47.05,mus,0,1,RSRQ4I.jsonl
RSRQ4I,3,Juanito,descarte,0,10,12,12,12,6,1,1,1,0,27,6,0,0,87.21,58.32,80.42,47.05,descarte,0,1,RSRQ4I.jsonl
RSRQ4I,3,Janita,descarte,1,12,10,12,7,4,1,0,0,0,22,6,0,0,45.62,73.94,42.35,32.54,descarte,0,0,RSRQ4I.jsonl
RSRQ4I,3,Janita,mus,1,12,10,12,11,5,1,0,0,0,26,6,0,0,59.28,63.45,42.58,48.43,mus,0,0,RSRQ4I.jsonl
RSRQ4I,3,Juanito,mus,0,10,12,12,12,11,1,1,1,1,31,9,0,1,94.58,46.52,79.59,89.61,no_mus,0,1,RSRQ4I.jsonl
RSRQ4I,3,Janita,Grande,1,12,10,12,11,5,1,0,0,0,26,6,0,0,59.28,63.45,42.58,48.43,envidar,2,0,RSRQ4I.jsonl
RSRQ4I,3,Juanito,Grande,0,10,12,12,12,11,1,1,1,1,31,9,0,1,94.58,46.52,79.59,89.61,subir,2,1,RSRQ4I.jsonl
RSRQ4I,3,Janita,Grande,1,12,10,12,11,5,1,0,0,0,26,6,0,0,59.28,63.45,42.58,48.43,ordago,0,0,RSRQ4I.jsonl
RSRQ4I,3,Juanito,Grande,0,10,12,12,12,11,1,1,1,1,31,9,0,1,94.58,46.52,79.59,89.61,ver,0,1,RSRQ4I.jsonl
RSRQ4I,4,Juanito,mus,1,0,0,12,10,7,6,0,0,1,33,0,0,1,66.75,7.06,42.69,78.19,mus,0,1,RSRQ4I.jsonl
RSRQ4I,4,Janita,mus,0,0,0,11,10,4,1,0,0,0,25,0,0,0,29.64,74.03,0.0,41.15,mus,0,0,RSRQ4I.jsonl
RSRQ4I,4,Janita,descarte,0,0,0,11,10,4,1,0,0,0,25,0,0,0,29.64,74.03,0.0,41.15,descarte,0,0,RSRQ4I.jsonl
RSRQ4I,4,Juanito,descarte,1,0,0,12,10,7,6,0,0,1,33,4,0,1,66.75,7.06,42.69,78.19,descarte,0,1,RSRQ4I.jsonl
RSRQ4I,4,Juanito,mus,1,0,0,12,10,10,5,1,1,1,35,4,0,1,64.48,10.18,71.45,84.25,mus,0,1,RSRQ4I.jsonl
RSRQ4I,4,Janita,mus,0,0,0,7,4,1,1,1,1,0,13,2,0,0,3.88,98.6,42.83,1.02,mus,0,0,RSRQ4I.jsonl
RSRQ4I,4,Juanito,descarte,1,0,0,12,10,10,5,1,1,1,35,4,0,1,64.48,10.18,71.45,84.25,descarte,0,1,RSRQ4I.jsonl
RSRQ4I,4,Janita,descarte,0,0,0,7,4,1,1,1,1,0,13,3,0,0,3.88,98.6,42.83,1.02,descarte,0,0,RSRQ4I.jsonl
RSRQ4I,4,Juanito,mus,1,0,0,12,12,10,10,1,3,1,40,8,0,1,95.05,1.14,99.74,90.35,no_mus,0,1,RSRQ4I.jsonl
RSRQ4I,4,Juanito,Grande,1,0,0,12,12,10,10,1,3,1,40,8,0,1,95.05,1.14,99.74,90.35,envidar,2,1,RSRQ4I.jsonl
RSRQ4I,4,Janita,Grande,0,0,0,12,12,11,5,1,1,1,35,3,0,1,95.8,15.24,77.49,77.38,ordago,0,0,RSRQ4I.jsonl
RSRQ4I,4,Juanito,Grande,1,0,0,12,12,10,10,1,3,1,40,8,0,1,95.05,1.14,99.74,90.35,nover,0,1,RSRQ4I.jsonl
RSRQ4I,4,Juanito,Chica,1,0,2,12,12,10,10,1,3,1,40,8,0,1,95.05,1.14,99.74,90.35,pasar,0,1,RSRQ4I.jsonl
RSRQ4I,4,Janita,Chica,0,2,0,12,12,11,5,1,1,1,35,3,0,1,95.8,15.24,77.49,77.38,ordago,0,0,RSRQ4I.jsonl
RSRQ4I,4,Juanito,Chica,1,0,2,12,12,10,10,1,3,1,40,8,0,1,95.05,1.14,99.74,90.35,nover,0,1,RSRQ4I.jsonl
RSRQ4I,4,Juanito,Pares,1,0,3,12,12,10,10,1,3,1,40,8,1,1,95.05,1.14,99.56,90.53,envidar,2,1,RSRQ4I.jsonl
RSRQ4I,4,Janita,Pares,0,3,0,12,12,11,5,1,1,1,35,3,1,1,95.8,15.24,58.76,72.09,ordago,0,0,RSRQ4I.jsonl
RSRQ4I,4,Juanito,Pares,1,0,3,12,12,10,10,1,3,1,40,8,1,1,95.05,1.14,99.56,90.53,ver,0,1,RSRQ4I.jsonl
10MDG1,1,Jana,mus,1,0,0,12,11,1,1,1,1,0,22,0,0,0,71.75,88.95,55.54,30.61,mus,0,0,10MDG1.jsonl
10MDG1,1,Otoman_John,mus,0,0,0,12,6,4,4,1,1,0,24,0,0,0,46.22,34.5,57.71,37.75,mus,0,1,10MDG1.jsonl
10MDG1,1,Jana,descarte,1,0,0,12,11,1,1,1,1,0,22,0,0,0,71.75,88.95,55.54,30.61,descarte,0,0,10MDG1.jsonl
10MDG1,1,Otoman_John,descarte,0,0,0,12,6,4,4,1,1,0,24,1,0,0,46.22,34.5,57.71,37.75,descarte,0,1,10MDG1.jsonl
10MDG1,1,Jana,mus,1,0,0,12,5,1,1,1,1,0,17,1,0,0,41.31,94.45,55.6,9.44,mus,0,0,10MDG1.jsonl
10MDG1,1,Otoman_John,mus,0,0,0,12,11,4,4,1,1,0,28,1,0,0,71.62,32.99,57.84,61.19,mus,0,1,10MDG1.jsonl
10MDG1,1,Otoman_John,descarte,0,0,0,12,11,4,4,1,1,0,28,1,0,0,71.62,32.99,57.84,61.19,descarte,0,1,10MDG1.jsonl
10MDG1,1,Jana,descarte,1,0,0,12,5,1,1,1,1,0,17,2,0,0,41.31,94.45,55.6,9.44,descarte,0,0,10MDG1.jsonl
10MDG1,1,Jana,mus,1,0,0,12,12,1,1,1,3,0,22,2,0,0,87.02,87.02,99.0,32.08,no_mus,0,0,10MDG1.jsonl
10MDG1,1,Jana,Grande,1,0,0,12,12,1,1,1,3,0,22,2,0,0,87.02,87.02,99.0,32.08,envidar,2,0,10MDG1.jsonl
10MDG1,1,Otoman_John,Grande,0,0,0,12,11,4,4,1,1,0,28,2,0,0,73.89,31.69,57.31,63.67,subir,4,1,10MDG1.jsonl
10MDG1,1,Jana,Grande,1,0,0,12,12,1,1,1,3,0,22,2,0,0,87.02,87.02,99.0,32.08,ver,0,0,10MDG1.jsonl
10MDG1,1,Jana,Chica,1,0,0,12,12,1,1,1,3,0,22,2,0,0,87.02,87.02,99.0,32.08,envidar,2,0,10MDG1.jsonl
10MDG1,1,Otoman_John,Chica,0,0,0,12,11,4,4,1,1,0,28,2,0,0,73.89,31.69,57.31,63.67,nover,0,1,10MDG1.jsonl
10MDG1,1,Jana,Pares,1,1,0,12,12,1,1,1,3,0,22,2,1,0,87.02,87.02,98.12,36.61,envidar,2,0,10MDG1.jsonl
10MDG1,1,Otoman_John,Pares,0,0,1,12,11,4,4,1,1,0,28,2,1,0,73.89,31.69,28.44,62.6,nover,0,1,10MDG1.jsonl
10MDG1,1,Jana,Juego,1,2,0,12,12,1,1,1,3,0,22,2,1,0,87.02,87.02,98.12,52.64,pasar,0,0,10MDG1.jsonl
10MDG1,1,Otoman_John,Juego,0,0,2,12,11,4,4,1,1,0,28,2,1,0,73.89,31.69,28.44,86.49,envidar,2,1,10MDG1.jsonl
10MDG1,1,Jana,Juego,1,2,0,12,12,1,1,1,3,0,22,2,1,0,87.02,87.02,98.12,52.64,ver,0,0,10MDG1.jsonl
10MDG1,2,Otoman_John,mus,1,3,11,11,6,4,1,0,0,0,21,0,0,0,23.97,78.49,42.69,22.72,mus,0,0,10MDG1.jsonl
10MDG1,2,Jana,mus,0,11,3,11,7,6,1,0,0,0,24,0,0,0,27.24,54.62,0.0,36.82,mus,0,1,10MDG1.jsonl
10MDG1,2,Otoman_John,descarte,1,3,11,11,6,4,1,0,0,0,21,0,0,0,23.97,78.49,42.69,22.72,descarte,0,0,10MDG1.jsonl
10MDG1,2,Jana,descarte,0,11,3,11,7,6,1,0,0,0,24,4,0,0,27.24,54.62,0.0,36.82,descarte,0,1,10MDG1.jsonl
10MDG1,2,Otoman_John,mus,1,3,11,10,7,1,1,1,1,0,19,4,0,0,12.56,93.17,51.99,12.34,mus,0,0,10MDG1.jsonl
10MDG1,2,Jana,mus,0,11,3,12,12,4,4,1,3,0,28,4,0,0,86.42,34.47,99.04,61.35,no_mus,0,1,10MDG1.jsonl
10MDG1,2,Otoman_John,Grande,1,3,11,10,7,1,1,1,1,0,19,4,0,0,12.56,93.17,51.99,12.34,envidar,2,0,10MDG1.jsonl
10MDG1,2,Jana,Grande,0,11,3,12,12,4,4,1,3,0,28,4,0,0,86.42,34.47,99.04,61.35,ver,0,1,10MDG1.jsonl
10MDG1,2,Otoman_John,Chica,1,3,11,10,7,1,1,1,1,0,19,4,0,0,12.56,93.17,51.99,12.34,envidar,2,0,10MDG1.jsonl
10MDG1,2,Jana,Chica,0,11,3,12,12,4,4,1,3,0,28,4,0,0,86.42,34.47,99.04,61.35,ver,0,1,10MDG1.jsonl
10MDG1,2,Otoman_John,Pares,1,3,11,10,7,1,1,1,1,0,19,4,1,0,12.56,93.17,14.89,18.54,pasar,0,0,10MDG1.jsonl
10MDG1,2,Jana,Pares,0,11,3,12,12,4,4,1,3,0,28,4,1,0,86.42,34.47,98.3,60.19,envidar,2,1,10MDG1.jsonl
10MDG1,2,Otoman_John,Pares,1,3,11,10,7,1,1,1,1,0,19,4,1,0,12.56,93.17,14.89,18.54,nover,0,0,10MDG1.jsonl
10MDG1,2,Otoman_John,Juego,1,3,12,10,7,1,1,1,1,0,19,4,1,0,12.56,93.17,14.89,31.24,pasar,0,0,10MDG1.jsonl
10MDG1,2,Jana,Juego,0,12,3,12,12,4,4,1,3,0,28,4,1,0,86.42,34.47,98.3,86.72,pasar,0,1,10MDG1.jsonl
10MDG1,3,Jana,mus,1,19,5,12,12,1,1,1,3,0,22,0,0,0,88.26,88.26,99.06,30.61,no_mus,0,0,10MDG1.jsonl
10MDG1,3,Jana,Grande,1,19,5,12,12,1,1,1,3,0,22,0,0,0,88.26,88.26,99.06,30.61,envidar,2,0,10MDG1.jsonl
10MDG1,3,Otoman_John,Grande,0,5,19,12,11,6,4,0,0,0,30,0,0,0,75.82,25.95,0.0,72.44,ver,0,1,10MDG1.jsonl
10MDG1,3,Jana,Chica,1,19,5,12,12,1,1,1,3,0,22,0,0,0,88.26,88.26,99.06,30.61,envidar,2,0,10MDG1.jsonl
10MDG1,3,Otoman_John,Chica,0,5,19,12,11,6,4,0,0,0,30,0,0,0,75.82,25.95,0.0,72.44,nover,0,1,10MDG1.jsonl
10MDG1,3,Jana,Juego,1,20,5,12,12,1,1,1,3,0,22,0,-1,0,88.26,88.26,99.06,33.14,pasar,0,0,10MDG1.jsonl
10MDG1,3,Otoman_John,Juego,0,5,20,12,11,6,4,0,0,0,30,0,0,0,75.82,25.95,0.0,96.35,envidar,2,1,10MDG1.jsonl
10MDG1,3,Jana,Juego,1,20,5,12,12,1,1,1,3,0,22,0,-1,0,88.26,88.26,99.06,33.14,nover,0,0,10MDG1.jsonl
10MDG1,4,Otoman_John,mus,1,7,25,10,7,5,4,0,0,0,26,0,0,0,15.66,31.61,40.99,53.7,mus,0,0,10MDG1.jsonl
10MDG1,4,Jana,mus,0,25,7,5,1,1,1,1,2,0,8,0,0,0,0.21,99.87,92.17,0.08,no_mus,0,1,10MDG1.jsonl
10MDG1,4,Otoman_John,Grande,1,7,25,10,7,5,4,0,0,0,26,0,0,0,15.66,31.61,40.99,53.7,pasar,0,0,10MDG1.jsonl
10MDG1,4,Jana,Grande,0,25,7,5,1,1,1,1,2,0,8,0,0,0,0.21,99.87,92.17,0.08,pasar,0,1,10MDG1.jsonl
10MDG1,4,Otoman_John,Chica,1,7,25,10,7,5,4,0,0,0,26,0,0,0,15.66,31.61,40.99,53.7,pasar,0,0,10MDG1.jsonl
10MDG1,4,Jana,Chica,0,25,7,5,1,1,1,1,2,0,8,0,0,0,0.21,99.87,92.17,0.08,envidar,2,1,10MDG1.jsonl
10MDG1,4,Otoman_John,Chica,1,7,25,10,7,5,4,0,0,0,26,0,0,0,15.66,31.61,40.99,53.7,nover,0,0,10MDG1.jsonl
10MDG1,4,Otoman_John,Juego,1,7,26,10,7,5,4,0,0,0,26,0,0,0,15.66,31.61,40.99,74.23,envidar,2,0,10MDG1.jsonl
10MDG1,4,Jana,Juego,0,26,7,5,1,1,1,1,2,0,8,0,-1,0,0.21,99.87,92.17,0.0,nover,0,1,10MDG1.jsonl
10MDG1,5,Jana,mus,1,28,10,12,4,1,1,1,1,0,16,0,0,0,41.09,97.35,55.54,5.95,mus,0,0,10MDG1.jsonl
10MDG1,5,Otoman_John,mus,0,10,28,12,11,7,1,0,0,0,28,0,0,0,77.31,45.4,0.0,62.7,mus,0,1,10MDG1.jsonl
10MDG1,5,Jana,descarte,1,28,10,12,4,1,1,1,1,0,16,0,0,0,41.09,97.35,55.54,5.95,descarte,0,0,10MDG1.jsonl
10MDG1,5,Otoman_John,descarte,0,10,28,12,11,7,1,0,0,0,28,1,0,0,77.31,45.4,0.0,62.7,descarte,0,1,10MDG1.jsonl
10MDG1,5,Jana,mus,1,28,10,12,1,1,1,1,2,0,13,2,0,0,39.24,99.55,93.58,1.76,no_mus,0,0,10MDG1.jsonl
10MDG1,5,Jana,Grande,1,28,10,12,1,1,1,1,2,0,13,2,0,0,39.24,99.55,93.58,1.76,envidar,2,0,10MDG1.jsonl
10MDG1,5,Otoman_John,Grande,0,10,28,12,12,12,1,1,2,1,31,1,0,1,99.36,37.84,96.03,92.67,ordago,0,1,10MDG1.jsonl
10MDG1,5,Jana,Grande,1,28,10,12,1,1,1,1,2,0,13,2,0,0,39.24,99.55,93.58,1.76,nover,0,0,10MDG1.jsonl
10MDG1,5,Jana,Chica,1,28,12,12,1,1,1,1,2,0,13,2,0,0,39.24,99.55,93.58,1.76,envidar,2,0,10MDG1.jsonl
10MDG1,5,Otoman_John,Chica,0,12,28,12,12,12,1,1,2,1,31,1,0,1,99.36,37.84,96.03,92.67,ver,0,1,10MDG1.jsonl
10MDG1,5,Jana,Pares,1,28,12,12,1,1,1,1,2,0,13,2,1,0,39.24,99.55,88.01,3.28,envidar,2,0,10MDG1.jsonl
10MDG1,5,Otoman_John,Pares,0,12,28,12,12,12,1,1,2,1,31,1,1,1,99.36,37.84,92.62,93.34,ordago,0,1,10MDG1.jsonl
10MDG1,5,Jana,Pares,1,28,12,12,1,1,1,1,2,0,13,2,1,0,39.24,99.55,88.01,3.28,ver,0,0,10MDG1.jsonl
10MDG1,6,Otoman_John,mus,1,0,0,12,7,6,1,0,0,0,24,0,0,0,54.51,54.51,44.43,39.65,mus,0,1,10MDG1.jsonl
10MDG1,6,Jana,mus,0,0,0,11,7,1,1,1,1,0,19,0,0,0,25.63,91.16,44.08,11.96,mus,0,0,10MDG1.jsonl
10MDG1,6,Otoman_John,descarte,1,0,0,12,7,6,1,0,0,0,24,0,0,0,54.51,54.51,44.43,39.65,descarte,0,1,10MDG1.jsonl
10MDG1,6,Jana,descarte,0,0,0,11,7,1,1,1,1,0,19,2,0,0,25.63,91.16,44.08,11.96,descarte,0,0,10MDG1.jsonl
10MDG1,6,Otoman_John,mus,1,0,0,12,1,1,1,1,2,0,13,2,0,0,37.99,99.51,93.44,2.06,no_mus,0,1,10MDG1.jsonl
10MDG1,6,Otoman_John,Grande,1,0,0,12,1,1,1,1,2,0,13,2,0,0,37.99,99.51,93.44,2.06,envidar,2,1,10MDG1.jsonl
10MDG1,6,Jana,Grande,0,0,0,11,6,1,1,1,1,0,18,2,0,0,24.48,91.71,42.5,10.66,nover,0,0,10MDG1.jsonl
10MDG1,6,Otoman_John,Chica,1,1,0,12,1,1,1,1,2,0,13,2,0,0,37.99,99.51,93.44,2.06,pasar,0,1,10MDG1.jsonl
10MDG1,6,Jana,Chica,0,0,1,11,6,1,1,1,1,0,18,2,0,0,24.48,91.71,42.5,10.66,envidar,8,0,10MDG1.jsonl
10MDG1,6,Otoman_John,Chica,1,1,0,12,1,1,1,1,2,0,13,2,0,0,37.99,99.51,93.44,2.06,ordago,0,1,10MDG1.jsonl
10MDG1,6,Jana,Chica,0,0,1,11,6,1,1,1,1,0,18,2,0,0,24.48,91.71,42.5,10.66,ver,0,0,10MDG1.jsonl
IJO65H,1,Otoman_John,mus,1,0,0,12,12,6,5,1,1,1,31,0,0,1,91.7,14.55,91.66,99.97,no_mus,0,1,IJO65H.jsonl
IJO65H,1,Otoman_John,Grande,1,0,0,12,12,6,5,1,1,1,31,0,0,1,91.7,14.55,91.66,99.97,envidar,2,1,IJO65H.jsonl
IJO65H,1,Bot IA,Grande,0,0,0,7,6,5,1,0,0,0,19,0,0,0,6.73,66.43,0.0,12.93,ordago,0,0,IJO65H.jsonl
IJO65H,1,Otoman_John,Grande,1,0,0,12,12,6,5,1,1,1,31,0,0,1,91.7,14.55,91.66,99.97,ver,0,1,IJO65H.jsonl
1C9OGW,1,Otoman_John,mus,1,0,0,12,12,11,4,1,1,1,34,0,0,1,97.66,21.81,91.66,82.37,mus,0,0,1C9OGW.jsonl
1C9OGW,1,Jana,mus,0,0,0,12,11,5,1,0,0,0,26,0,0,0,73.18,59.37,0.0,48.78,mus,0,1,1C9OGW.jsonl
1C9OGW,1,Otoman_John,descarte,1,0,0,12,12,11,4,1,1,1,34,0,0,1,97.66,21.81,91.66,82.37,descarte,0,0,1C9OGW.jsonl
1C9OGW,1,Jana,descarte,0,0,0,12,11,5,1,0,0,0,26,1,0,0,73.18,59.37,0.0,48.78,descarte,0,1,1C9OGW.jsonl
1C9OGW,1,Otoman_John,mus,1,0,0,12,12,11,6,1,1,1,36,3,0,1,98.09,4.92,91.36,85.57,mus,0,0,1C9OGW.jsonl
1C9OGW,1,Jana,mus,0,0,0,12,11,5,1,0,0,0,26,1,0,0,72.7,63.01,0.0,46.96,mus,0,1,1C9OGW.jsonl
1C9OGW,1,Jana,descarte,0,0,0,12,11,5,1,0,0,0,26,1,0,0,72.7,63.01,0.0,46.96,descarte,0,1,1C9OGW.jsonl
1C9OGW,1,Otoman_John,descarte,1,0,0,12,12,11,6,1,1,1,36,6,0,1,98.09,4.92,91.36,85.57,descarte,0,0,1C9OGW.jsonl
1C9OGW,1,Otoman_John,mus,1,0,0,12,12,12,10,1,2,1,40,6,0,1,99.91,0.24,96.33,90.89,no_mus,0,0,1C9OGW.jsonl
1C9OGW,1,Otoman_John,Grande,1,0,0,12,12,12,10,1,2,1,40,6,0,1,99.91,0.24,96.33,90.89,envidar,2,0,1C9OGW.jsonl
1C9OGW,1,Jana,Grande,0,0,0,12,7,6,6,1,1,0,29,3,0,0,48.51,11.01,61.73,64.94,nover,0,1,1C9OGW.jsonl
1C9OGW,1,Otoman_John,Chica,1,1,0,12,12,12,10,1,2,1,40,6,0,1,99.91,0.24,96.33,90.89,pasar,0,0,1C9OGW.jsonl
1C9OGW,1,Jana,Chica,0,0,1,12,7,6,6,1,1,0,29,3,0,0,48.51,11.01,61.73,64.94,envidar,2,1,1C9OGW.jsonl
1C9OGW,1,Otoman_John,Chica,1,1,0,12,12,12,10,1,2,1,40,6,0,1,99.91,0.24,96.33,90.89,nover,0,0,1C9OGW.jsonl
1C9OGW,1,Otoman_John,Pares,1,1,1,12,12,12,10,1,2,1,40,6,1,1,99.91,0.24,93.45,92.12,envidar,2,0,1C9OGW.jsonl
1C9OGW,1,Jana,Pares,0,1,1,12,7,6,6,1,1,0,29,3,1,0,48.51,11.01,34.57,59.73,nover,0,1,1C9OGW.jsonl
1C9OGW,2,Jana,mus,1,1,6,12,11,6,4,0,0,0,30,0,0,0,76.14,26.27,42.69,75.19,mus,0,0,1C9OGW.jsonl
1C9OGW,2,Otoman_John,mus,0,6,1,12,10,5,5,1,1,0,30,0,0,0,61.83,17.74,62.04,72.14,mus,0,1,1C9OGW.jsonl
1C9OGW,2,Otoman_John,descarte,0,6,1,12,10,5,5,1,1,0,30,0,0,0,61.83,17.74,62.04,72.14,descarte,0,1,1C9OGW.jsonl
1C9OGW,2,Jana,descarte,1,1,6,12,11,6,4,0,0,0,30,1,0,0,76.14,26.27,42.69,75.19,descarte,0,0,1C9OGW.jsonl
1C9OGW,2,Jana,mus,1,1,6,12,7,1,1,1,1,0,19,1,0,0,46.88,89.88,55.93,15.43,mus,0,0,1C9OGW.jsonl
1C9OGW,2,Otoman_John,mus,0,6,1,12,12,5,5,1,3,0,30,3,0,0,89.81,16.51,99.34,74.45,no_mus,0,1,1C9OGW.jsonl
1C9OGW,2,Jana,Grande,1,1,6,12,7,1,1,1,1,0,19,1,0,0,46.88,89.88,55.93,15.43,envidar,2,0,1C9OGW.jsonl
1C9OGW,2,Otoman_John,Grande,0,6,1,12,12,5,5,1,3,0,30,3,0,0,89.81,16.51,99.34,74.45,subir,2,1,1C9OGW.jsonl
1C9OGW,2,Jana,Grande,1,1,6,12,7,1,1,1,1,0,19,1,0,0,46.88,89.88,55.93,15.43,nover,0,0,1C9OGW.jsonl
1C9OGW,2,Jana,Chica,1,1,8,12,7,1,1,1,1,0,19,1,0,0,46.88,89.88,55.93,15.43,envidar,2,0,1C9OGW.jsonl
1C9OGW,2,Otoman_John,Chica,0,8,1,12,12,5,5,1,3,0,30,3,0,0,89.81,16.51,99.34,74.45,nover,0,1,1C9OGW.jsonl
1C9OGW,2,Jana,Pares,1,2,8,12,7,1,1,1,1,0,19,1,1,0,46.88,89.88,20.29,24.32,pasar,0,0,1C9OGW.jsonl
1C9OGW,2,Otoman_John,Pares,0,8,2,12,12,5,5,1,3,0,30,3,1,0,89.81,16.51,98.84,72.08,envidar,2,1,1C9OGW.jsonl
1C9OGW,2,Jana,Pares,1,2,8,12,7,1,1,1,1,0,19,1,1,0,46.88,89.88,20.29,24.32,nover,0,0,1C9OGW.jsonl
1C9OGW,2,Jana,Juego,1,2,9,12,7,1,1,1,1,0,19,1,1,0,46.88,89.88,20.29,38.0,pasar,0,0,1C9OGW.jsonl
1C9OGW,2,Otoman_John,Juego,0,9,2,12,12,5,5,1,3,0,30,3,1,0,89.81,16.51,98.84,96.53,envidar,2,1,1C9OGW.jsonl
1C9OGW,2,Jana,Juego,1,2,9,12,7,1,1,1,1,0,19,1,1,0,46.88,89.88,20.29,38.0,nover,0,0,1C9OGW.jsonl
1C9OGW,3,Otoman_John,mus,1,14,2,7,7,4,1,1,1,0,19,0,0,0,8.04,76.67,66.35,15.86,mus,0,0,1C9OGW.jsonl
1C9OGW,3,Jana,mus,0,2,14,10,10,6,1,1,1,0,27,0,0,0,17.83,53.23,69.85,55.78,mus,0,1,1C9OGW.jsonl
1C9OGW,3,Jana,descarte,0,2,14,10,10,6,1,1,1,0,27,0,0,0,17.83,53.23,69.85,55.78,descarte,0,1,1C9OGW.jsonl
1C9OGW,3,Otoman_John,descarte,1,14,2,7,7,4,1,1,1,0,19,2,0,0,8.04,76.67,66.35,15.86,descarte,0,0,1C9OGW.jsonl
1C9OGW,3,Otoman_John,mus,1,14,2,11,11,7,6,1,1,1,33,2,0,1,29.33,7.21,69.77,73.43,mus,0,0,1C9OGW.jsonl
1C9OGW,3,Jana,mus,0,2,14,10,10,1,1,1,3,0,22,4,0,0,15.36,92.55,97.07,19.59,no_mus,0,1,1C9OGW.jsonl
1C9OGW,3,Otoman_John,Grande,1,14,2,11,11,7,6,1,1,1,33,2,0,1,29.33,7.21,69.77,73.43,envidar,2,0,1C9OGW.jsonl
1C9OGW,3,Jana,Grande,0,2,14,10,10,1,1,1,3,0,22,4,0,0,15.36,92.55,97.07,19.59,nover,0,1,1C9OGW.jsonl
1C9OGW,3,Otoman_John,Chica,1,15,2,11,11,7,6,1,1,1,33,2,0,1,29.33,7.21,69.77,73.43,pasar,0,0,1C9OGW.jsonl
1C9OGW,3,Jana,Chica,0,2,15,10,10,1,1,1,3,0,22,4,0,0,15.36,92.55,97.07,19.59,envidar,2,1,1C9OGW.jsonl
1C9OGW,3,Otoman_John,Chica,1,15,2,11,11,7,6,1,1,1,33,2,0,1,29.33,7.21,69.77,73.43,nover,0,0,1C9OGW.jsonl
1C9OGW,3,Otoman_John,Pares,1,15,3,11,11,7,6,1,1,1,33,2,1,1,29.33,7.21,51.45,67.22,envidar,2,0,1C9OGW.jsonl
1C9OGW,3,Jana,Pares,0,3,15,10,10,1,1,1,3,0,22,4,1,0,15.36,92.55,94.81,23.25,ordago,0,1,1C9OGW.jsonl
1C9OGW,3,Otoman_John,Pares,1,15,3,11,11,7,6,1,1,1,33,2,1,1,29.33,7.21,51.45,67.22,nover,0,0,1C9OGW.jsonl
1C9OGW,4,Jana,mus,1,8,17,12,11,7,4,0,0,1,31,0,0,1,78.49,23.97,42.69,99.99,mus,0,0,1C9OGW.jsonl
1C9OGW,4,Otoman_John,mus,0,17,8,12,6,6,6,1,2,0,28,0,0,0,48.4,8.23,93.33,59.97,no_mus,0,1,1C9OGW.jsonl
1C9OGW,4,Jana,Grande,1,8,17,12,11,7,4,0,0,1,31,0,0,1,78.49,23.97,42.69,99.99,envidar,2,0,1C9OGW.jsonl
1C9OGW,4,Otoman_John,Grande,0,17,8,12,6,6,6,1,2,0,28,0,0,0,48.4,8.23,93.33,59.97,ver,0,1,1C9OGW.jsonl
1C9OGW,4,Jana,Chica,1,8,17,12,11,7,4,0,0,1,31,0,0,1,78.49,23.97,42.69,99.99,pasar,0,0,1C9OGW.jsonl
1C9OGW,4,Otoman_John,Chica,0,17,8,12,6,6,6,1,2,0,28,0,0,0,48.4,8.23,93.33,59.97,envidar,2,1,1C9OGW.jsonl
1C9OGW,4,Jana,Chica,1,8,17,12,11,7,4,0,0,1,31,0,0,1,78.49,23.97,42.69,99.99,subir,6,0,1C9OGW.jsonl
1C9OGW,4,Otoman_John,Chica,0,17,8,12,6,6,6,1,2,0,28,0,0,0,48.4,8.23,93.33,59.97,nover,0,1,1C9OGW.jsonl
1C9OGW,5,Otoman_John,mus,1,19,15,10,7,7,7,1,2,1,31,0,0,1,16.93,3.09,92.43,100.0,mus,0,0,1C9OGW.jsonl
1C9OGW,5,Jana,mus,0,15,19,11,10,5,1,0,0,0,26,0,0,0,30.16,61.44,0.0,48.78,mus,0,1,1C9OGW.jsonl
1C9OGW,5,Otoman_John,descarte,1,19,15,10,7,7,7,1,2,1,31,0,0,1,16.93,3.09,92.43,100.0,descarte,0,0,1C9OGW.jsonl
1C9OGW,5,Jana,descarte,0,15,19,11,10,5,1,0,0,0,26,1,0,0,30.16,61.44,0.0,48.78,descarte,0,1,1C9OGW.jsonl
1C9OGW,5,Otoman_John,mus,1,19,15,7,7,7,1,1,2,0,22,4,0,0,9.25,46.59,92.41,35.06,mus,0,0,1C9OGW.jsonl
1C9OGW,5,Jana,mus,0,15,19,11,4,1,1,1,1,0,16,1,0,0,20.4,97.82,42.83,3.56,mus,0,1,1C9OGW.jsonl
1C9OGW,5,Otoman_John,descarte,1,19,15,7,7,7,1,1,2,0,22,4,0,0,9.25,46.59,92.41,35.06,descarte,0,0,1C9OGW.jsonl
1C9OGW,5,Jana,descarte,0,15,19,11,4,1,1,1,1,0,16,2,0,0,20.4,97.82,42.83,3.56,descarte,0,1,1C9OGW.jsonl
1C9OGW,5,Otoman_John,mus,1,19,15,7,7,7,1,1,2,0,22,8,0,0,8.36,51.4,92.31,31.06,mus,0,0,1C9OGW.jsonl
1C9OGW,5,Jana,mus,0,15,19,12,12,12,11,1,2,1,40,2,0,1,99.93,0.02,95.44,89.77,no_mus,0,1,1C9OGW.jsonl
1C9OGW,5,Otoman_John,Grande,1,19,15,7,7,7,1,1,2,0,22,8,0,0,8.36,51.4,92.31,31.06,envidar,2,0,1C9OGW.jsonl
1C9OGW,5,Jana,Grande,0,15,19,12,12,12,11,1,2,1,40,2,0,1,99.93,0.02,95.44,89.77,subir,4,1,1C9OGW.jsonl
1C9OGW,5,Otoman_John,Grande,1,19,15,7,7,7,1,1,2,0,22,8,0,0,8.36,51.4,92.31,31.06,nover,0,0,1C9OGW.jsonl
1C9OGW,5,Otoman_John,Chica,1,19,17,7,7,7,1,1,2,0,22,8,0,0,8.36,51.4,92.31,31.06,envidar,2,0,1C9OGW.jsonl
1C9OGW,5,Jana,Chica,0,17,19,12,12,12,11,1,2,1,40,2,0,1,99.93,0.02,95.44,89.77,nover,0,1,1C9OGW.jsonl
1C9OGW,5,Otoman_John,Pares,1,20,17,7,7,7,1,1,2,0,22,8,1,0,8.36,51.4,86.97,32.86,pasar,0,0,1C9OGW.jsonl
1C9OGW,5,Jana,Pares,0,17,20,12,12,12,11,1,2,1,40,2,1,1,99.93,0.02,91.61,89.29,envidar,2,1,1C9OGW.jsonl
1C9OGW,5,Otoman_John,Pares,1,20,17,7,7,7,1,1,2,0,22,8,1,0,8.36,51.4,86.97,32.86,subir,8,0,1C9OGW.jsonl
1C9OGW,5,Jana,Pares,0,17,20,12,12,12,11,1,2,1,40,2,1,1,99.93,0.02,91.61,89.29,ordago,0,1,1C9OGW.jsonl
1C9OGW,5,Otoman_John,Pares,1,20,17,7,7,7,1,1,2,0,22,8,1,0,8.36,51.4,86.97,32.86,ver,0,0,1C9OGW.jsonl
1C9OGW,6,Jana,mus,1,0,0,12,10,4,1,0,0,0,25,0,0,0,60.12,73.93,44.43,47.12,mus,0,0,1C9OGW.jsonl
1C9OGW,6,Otoman_John,mus,0,0,0,12,4,4,1,1,1,0,19,0,0,0,41.24,83.42,56.42,12.86,no_mus,0,1,1C9OGW.jsonl
1C9OGW,6,Jana,Grande,1,0,0,12,10,4,1,0,0,0,25,0,0,0,60.12,73.93,44.43,47.12,envidar,2,0,1C9OGW.jsonl
1C9OGW,6,Otoman_John,Grande,0,0,0,12,4,4,1,1,1,0,19,0,0,0,41.24,83.42,56.42,12.86,nover,0,1,1C9OGW.jsonl
1C9OGW,6,Jana,Chica,1,1,0,12,10,4,1,0,0,0,25,0,0,0,60.12,73.93,44.43,47.12,envidar,2,0,1C9OGW.jsonl
1C9OGW,6,Otoman_John,Chica,0,0,1,12,4,4,1,1,1,0,19,0,0,0,41.24,83.42,56.42,12.86,subir,2,1,1C9OGW.jsonl
1C9OGW,6,Jana,Chica,1,1,0,12,10,4,1,0,0,0,25,0,0,0,60.12,73.93,44.43,47.12,nover,0,0,1C9OGW.jsonl
1C9OGW,6,Jana,Juego,1,1,2,12,10,4,1,0,0,0,25,0,0,0,60.12,73.93,44.43,64.12,envidar,2,0,1C9OGW.jsonl
1C9OGW,6,Otoman_John,Juego,0,2,1,12,4,4,1,1,1,0,19,0,-1,0,41.24,83.42,56.42,3.46,nover,0,1,1C9OGW.jsonl
1C9OGW,7,Otoman_John,mus,1,3,3,12,11,5,1,0,0,0,26,0,0,0,73.93,60.12,44.43,54.1,no_mus,0,0,1C9OGW.jsonl
1C9OGW,7,Otoman_John,Grande,1,3,3,12,11,5,1,0,0,0,26,0,0,0,73.93,60.12,44.43,54.1,envidar,2,0,1C9OGW.jsonl
1C9OGW,7,Jana,Grande,0,3,3,11,4,1,1,1,1,0,16,0,0,0,21.58,97.43,44.08,4.0,nover,0,1,1C9OGW.jsonl
1C9OGW,7,Otoman_John,Chica,1,4,3,12,11,5,1,0,0,0,26,0,0,0,73.93,60.12,44.43,54.1,pasar,0,0,1C9OGW.jsonl
1C9OGW,7,Jana,Chica,0,3,4,11,4,1,1,1,1,0,16,0,0,0,21.58,97.43,44.08,4.0,envidar,2,1,1C9OGW.jsonl
1C9OGW,7,Otoman_John,Chica,1,4,3,12,11,5,1,0,0,0,26,0,0,0,73.93,60.12,44.43,54.1,ordago,0,0,1C9OGW.jsonl
1C9OGW,7,Jana,Chica,0,3,4,11,4,1,1,1,1,0,16,0,0,0,21.58,97.43,44.08,4.0,ver,0,1,1C9OGW.jsonl
ZCCEMN,1,Jana,mus,1,0,0,5,4,1,1,1,1,0,11,0,0,0,0.54,98.88,53.68,0.81,mus,0,0,ZCCEMN.jsonl
ZCCEMN,1,Otoman_John,mus,0,0,0,6,5,1,1,1,1,0,13,0,0,0,1.82,95.85,44.08,1.34,mus,0,1,ZCCEMN.jsonl
ZCCEMN,1,Otoman_John,descarte,0,0,0,6,5,1,1,1,1,0,13,0,0,0,1.82,95.85,44.08,1.34,descarte,0,1,ZCCEMN.jsonl
ZCCEMN,1,Jana,descarte,1,0,0,5,4,1,1,1,1,0,11,2,0,0,0.54,98.88,53.68,0.81,descarte,0,0,ZCCEMN.jsonl
ZCCEMN,1,Jana,mus,1,0,0,12,7,1,1,1,1,0,19,2,0,0,46.97,90.61,55.72,13.96,mus,0,0,ZCCEMN.jsonl
ZCCEMN,1,Otoman_John,mus,0,0,0,10,1,1,1,1,2,0,13,2,0,0,8.36,99.62,91.63,1.02,mus,0,1,ZCCEMN.jsonl
ZCCEMN,1,Jana,descarte,1,0,0,12,7,1,1,1,1,0,19,2,0,0,46.97,90.61,55.72,13.96,descarte,0,0,ZCCEMN.jsonl
ZCCEMN,1,Otoman_John,descarte,0,0,0,10,1,1,1,1,2,0,13,3,0,0,8.36,99.62,91.63,1.02,descarte,0,1,ZCCEMN.jsonl
ZCCEMN,1,Jana,mus,1,0,0,12,10,1,1,1,1,0,22,3,0,0,53.88,88.56,55.93,29.31,mus,0,0,ZCCEMN.jsonl
ZCCEMN,1,Otoman_John,mus,0,0,0,12,1,1,1,1,2,0,13,3,0,0,36.53,99.3,92.63,1.16,no_mus,0,1,ZCCEMN.jsonl
ZCCEMN,1,Jana,Grande,1,0,0,12,10,1,1,1,1,0,22,3,0,0,53.88,88.56,55.93,29.31,envidar,2,0,ZCCEMN.jsonl
ZCCEMN,1,Otoman_John,Grande,0,0,0,12,1,1,1,1,2,0,13,3,0,0,36.53,99.3,92.63,1.16,nover,0,1,ZCCEMN.jsonl
ZCCEMN,1,Jana,Chica,1,1,0,12,10,1,1,1,1,0,22,3,0,0,53.88,88.56,55.93,29.31,envidar,2,0,ZCCEMN.jsonl
ZCCEMN,1,Otoman_John,Chica,0,0,1,12,1,1,1,1,2,0,13,3,0,0,36.53,99.3,92.63,1.16,ordago,0,1,ZCCEMN.jsonl
ZCCEMN,1,Jana,Chica,1,1,0,12,10,1,1,1,1,0,22,3,0,0,53.88,88.56,55.93,29.31,ver,0,0,ZCCEMN.jsonl
ZCCEMN,2,Otoman_John,mus,1,0,0,12,6,1,1,1,1,0,18,0,0,0,45.18,92.77,55.54,11.33,mus,0,0,ZCCEMN.jsonl
ZCCEMN,2,Jana,mus,0,0,0,11,7,6,4,0,0,0,27,0,0,0,27.6,27.6,0.0,55.58,mus,0,1,ZCCEMN.jsonl
ZCCEMN,2,Otoman_John,descarte,1,0,0,12,6,1,1,1,1,0,18,0,0,0,45.18,92.77,55.54,11.33,descarte,0,0,ZCCEMN.jsonl
ZCCEMN,2,Jana,descarte,0,0,0,11,7,6,4,0,0,0,27,1,0,0,27.6,27.6,0.0,55.58,descarte,0,1,ZCCEMN.jsonl
ZCCEMN,2,Otoman_John,mus,1,0,0,12,4,1,1,1,1,0,16,4,0,0,39.97,97.14,55.6,6.09,mus,0,0,ZCCEMN.jsonl
ZCCEMN,2,Jana,mus,0,0,0,12,11,10,5,0,0,1,35,1,0,1,78.33,9.74,0.0,82.68,mus,0,1,ZCCEMN.jsonl
ZCCEMN,2,Otoman_John,descarte,1,0,0,12,4,1,1,1,1,0,16,4,0,0,39.97,97.14,55.6,6.09,descarte,0,0,ZCCEMN.jsonl
ZCCEMN,2,Jana,descarte,0,0,0,12,11,10,5,0,0,1,35,2,0,1,78.33,9.74,0.0,82.68,descarte,0,1,ZCCEMN.jsonl
ZCCEMN,2,Otoman_John,mus,1,0,0,12,11,1,1,1,1,0,22,7,0,0,69.07,87.89,55.72,29.16,mus,0,0,ZCCEMN.jsonl
ZCCEMN,2,Jana,mus,0,0,0,12,12,4,1,1,1,0,25,2,0,0,83.35,64.4,76.62,47.28,mus,0,1,ZCCEMN.jsonl
ZCCEMN,2,Otoman_John,descarte,1,0,0,12,11,1,1,1,1,0,22,7,0,0,69.07,87.89,55.72,29.16,descarte,0,0,ZCCEMN.jsonl
ZCCEMN,2,Jana,descarte,0,0,0,12,12,4,1,1,1,0,25,3,0,0,83.35,64.4,76.62,47.28,descarte,0,1,ZCCEMN.jsonl
ZCCEMN,2,Otoman_John,mus,1,0,0,12,6,1,1,1,1,0,18,9,0,0,41.94,91.9,55.17,11.71,mus,0,0,ZCCEMN.jsonl
ZCCEMN,2,Jana,mus,0,0,0,12,12,6,1,1,1,0,27,3,0,0,84.27,46.55,75.33,55.36,mus,0,1,ZCCEMN.jsonl
ZCCEMN,2,Otoman_John,descarte,1,0,0,12,6,1,1,1,1,0,18,9,0,0,41.94,91.9,55.17,11.71,descarte,0,0,ZCCEMN.jsonl
ZCCEMN,2,Jana,descarte,0,0,0,12,12,6,1,1,1,0,27,4,0,0,84.27,46.55,75.33,55.36,descarte,0,1,ZCCEMN.jsonl
ZCCEMN,2,Otoman_John,mus,1,0,0,12,10,1,1,1,1,0,22,11,0,0,54.92,87.71,55.43,31.17,mus,0,0,ZCCEMN.jsonl
ZCCEMN,2,Jana,mus,0,0,0,12,12,12,5,1,2,1,35,4,0,1,99.01,10.79,94.79,79.88,mus,0,1,ZCCEMN.jsonl
ZCCEMN,2,Otoman_John,descarte,1,0,0,12,10,1,1,1,1,0,22,11,0,0,54.92,87.71,55.43,31.17,descarte,0,0,ZCCEMN.jsonl
ZCCEMN,2,Jana,descarte,0,0,0,12,12,12,5,1,2,1,35,5,0,1,99.01,10.79,94.79,79.88,descarte,0,1,ZCCEMN.jsonl
ZCCEMN,2,Otoman_John,mus,1,0,0,12,7,1,1,1,1,0,19,12,0,0,44.89,88.78,55.79,16.94,mus,0,0,ZCCEMN.jsonl
ZCCEMN,2,Jana,mus,0,0,0,12,12,12,1,1,2,1,31,5,0,1,98.16,36.48,94.93,90.02,mus,0,1,ZCCEMN.jsonl
ZCCEMN,2,Otoman_John,descarte,1,0,0,12,7,1,1,1,1,0,19,12,0,0,44.89,88.78,55.79,16.94,descarte,0,0,ZCCEMN.jsonl
ZCCEMN,2,Jana,descarte,0,0,0,12,12,12,1,1,2,1,31,6,0,1,98.16,36.48,94.93,90.02,descarte,0,1,ZCCEMN.jsonl
ZCCEMN,2,Otoman_John,mus,1,0,0,12,11,1,1,1,1,0,22,13,0,0,67.05,85.0,55.37,34.54,mus,0,0,ZCCEMN.jsonl
ZCCEMN,2,Jana,mus,0,0,0,12,12,12,5,1,2,1,35,6,0,1,98.7,15.42,94.35,76.51,mus,0,1,ZCCEMN.jsonl
ZCCEMN,2,Otoman_John,descarte,1,0,0,12,11,1,1,1,1,0,22,13,0,0,67.05,85.0,55.37,34.54,descarte,0,0,ZCCEMN.jsonl
ZCCEMN,2,Jana,descarte,0,0,0,12,12,12,5,1,2,1,35,7,0,1,98.7,15.42,94.35,76.51,descarte,0,1,ZCCEMN.jsonl
ZCCEMN,2,Otoman_John,mus,1,0,0,12,1,1,1,1,2,0,13,14,0,0,31.09,99.26,92.26,2.91,no_mus,0,0,ZCCEMN.jsonl
ZCCEMN,2,Otoman_John,Grande,1,0,0,12,1,1,1,1,2,0,13,14,0,0,31.09,99.26,92.26,2.91,envidar,2,0,ZCCEMN.jsonl
ZCCEMN,2,Jana,Grande,0,0,0,12,12,12,12,1,3,1,40,7,0,1,99.99,0.0,99.99,86.51,subir,5,1,ZCCEMN.jsonl
ZCCEMN,2,Otoman_John,Grande,1,0,0,12,1,1,1,1,2,0,13,14,0,0,31.09,99.26,92.26,2.91,nover,0,0,ZCCEMN.jsonl
ZCCEMN,2,Otoman_John,Chica,1,0,2,12,1,1,1,1,2,0,13,14,0,0,31.09,99.26,92.26,2.91,envidar,2,0,ZCCEMN.jsonl
ZCCEMN,2,Jana,Chica,0,2,0,12,12,12,12,1,3,1,40,7,0,1,99.99,0.0,99.99,86.51,nover,0,1,ZCCEMN.jsonl
ZCCEMN,2,Otoman_John,Pares,1,1,2,12,1,1,1,1,2,0,13,14,1,0,31.09,99.26,86.3,5.14,pasar,0,0,ZCCEMN.jsonl
ZCCEMN,2,Jana,Pares,0,2,1,12,12,12,12,1,3,1,40,7,1,1,99.99,0.0,99.97,85.2,envidar,2,1,ZCCEMN.jsonl
ZCCEMN,2,Otoman_John,Pares,1,1,2,12,1,1,1,1,2,0,13,14,1,0,31.09,99.26,86.3,5.14,ver,0,0,ZCCEMN.jsonl
ZCCEMN,3,Jana,mus,1,9,1,12,11,10,6,0,0,1,36,0,0,1,82.27,5.29,42.69,86.65,mus,0,0,ZCCEMN.jsonl
ZCCEMN,3,Otoman_John,mus,0,1,9,12,10,7,1,0,0,0,28,0,0,0,64.72,46.61,0.0,62.7,mus,0,1,ZCCEMN.jsonl
ZCCEMN,3,Jana,descarte,1,9,1,12,11,10,6,0,0,1,36,0,0,1,82.27,5.29,42.69,86.65,descarte,0,0,ZCCEMN.jsonl
ZCCEMN,3,Otoman_John,descarte,0,1,9,12,10,7,1,0,0,0,28,3,0,0,64.72,46.61,0.0,62.7,descarte,0,1,ZCCEMN.jsonl
ZCCEMN,3,Jana,mus,1,9,1,12,6,4,1,0,0,0,21,3,0,0,44.2,74.53,42.43,26.47,mus,0,0,ZCCEMN.jsonl
ZCCEMN,3,Otoman_John,mus,0,1,9,12,12,12,11,1,2,1,40,3,0,1,99.91,0.01,95.93,90.16,no_mus,0,1,ZCCEMN.jsonl
ZCCEMN,3,Jana,Grande,1,9,1,12,6,4,1,0,0,0,21,3,0,0,44.2,74.53,42.43,26.47,envidar,2,0,ZCCEMN.jsonl
ZCCEMN,3,Otoman_John,Grande,0,1,9,12,12,12,11,1,2,1,40,3,0,1,99.91,0.01,95.93,90.16,ordago,0,1,ZCCEMN.jsonl
ZCCEMN,3,Jana,Grande,1,9,1,12,6,4,1,0,0,0,21,3,0,0,44.2,74.53,42.43,26.47,nover,0,0,ZCCEMN.jsonl
ZCCEMN,3,Jana,Chica,1,9,3,12,6,4,1,0,0,0,21,3,0,0,44.2,74.53,42.43,26.47,envidar,2,0,ZCCEMN.jsonl
ZCCEMN,3,Otoman_John,Chica,0,3,9,12,12,12,11,1,2,1,40,3,0,1,99.91,0.01,95.93,90.16,nover,0,1,ZCCEMN.jsonl
ZCCEMN,4,Otoman_John,mus,1,7,10,12,12,12,1,1,2,1,31,0,0,1,99.58,40.44,96.75,99.97,no_mus,0,0,ZCCEMN.jsonl
ZCCEMN,4,Otoman_John,Grande,1,7,10,12,12,12,1,1,2,1,31,0,0,1,99.58,40.44,96.75,99.97,pasar,0,0,ZCCEMN.jsonl
ZCCEMN,4,Jana,Grande,0,10,7,12,4,1,1,1,1,0,16,0,0,0,40.56,96.82,45.84,4.0,envidar,2,1,ZCCEMN.jsonl
ZCCEMN,4,Otoman_John,Grande,1,7,10,12,12,12,1,1,2,1,31,0,0,1,99.58,40.44,96.75,99.97,subir,2,0,ZCCEMN.jsonl
ZCCEMN,4,Jana,Grande,0,10,7,12,4,1,1,1,1,0,16,0,0,0,40.56,96.82,45.84,4.0,nover,0,1,ZCCEMN.jsonl
ZCCEMN,4,Otoman_John,Chica,1,9,10,12,12,12,1,1,2,1,31,0,0,1,99.58,40.44,96.75,99.97,pasar,0,0,ZCCEMN.jsonl
ZCCEMN,4,Jana,Chica,0,10,9,12,4,1,1,1,1,0,16,0,0,0,40.56,96.82,45.84,4.0,envidar,2,1,ZCCEMN.jsonl
ZCCEMN,4,Otoman_John,Chica,1,9,10,12,12,12,1,1,2,1,31,0,0,1,99.58,40.44,96.75,99.97,ver,0,0,ZCCEMN.jsonl
ZCCEMN,4,Otoman_John,Pares,1,9,10,12,12,12,1,1,2,1,31,0,1,1,99.58,40.44,93.89,99.95,envidar,2,0,ZCCEMN.jsonl
ZCCEMN,4,Jana,Pares,0,10,9,12,4,1,1,1,1,0,16,0,1,0,40.56,96.82,0.0,7.39,nover,0,1,ZCCEMN.jsonl
ZCCEMN,5,Jana,mus,1,12,15,10,7,4,4,1,1,0,25,0,0,0,15.0,34.46,56.64,46.05,mus,0,0,ZCCEMN.jsonl
ZCCEMN,5,Otoman_John,mus,0,15,12,12,6,6,4,1,1,0,26,0,0,0,48.32,28.15,64.35,47.92,mus,0,1,ZCCEMN.jsonl
ZCCEMN,5,Jana,descarte,1,12,15,10,7,4,4,1,1,0,25,0,0,0,15.0,34.46,56.64,46.05,descarte,0,0,ZCCEMN.jsonl
ZCCEMN,5,Otoman_John,descarte,0,15,12,12,6,6,4,1,1,0,26,2,0,0,48.32,28.15,64.35,47.92,descarte,0,1,ZCCEMN.jsonl
ZCCEMN,5,Jana,mus,1,12,15,12,4,4,1,1,1,0,19,1,0,0,39.11,81.72,57.59,17.83,mus,0,0,ZCCEMN.jsonl
ZCCEMN,5,Otoman_John,mus,0,15,12,12,6,6,1,1,1,0,23,2,0,0,46.4,56.63,63.56,31.15,mus,0,1,ZCCEMN.jsonl
ZCCEMN,5,Jana,descarte,1,12,15,12,4,4,1,1,1,0,19,1,0,0,39.11,81.72,57.59,17.83,descarte,0,0,ZCCEMN.jsonl
ZCCEMN,5,Otoman_John,descarte,0,15,12,12,6,6,1,1,1,0,23,5,0,0,46.4,56.63,63.56,31.15,descarte,0,1,ZCCEMN.jsonl
ZCCEMN,5,Jana,mus,1,12,15,12,11,10,6,0,0,1,36,2,0,1,76.91,6.28,40.92,84.47,mus,0,0,ZCCEMN.jsonl
ZCCEMN,5,Otoman_John,mus,0,15,12,12,10,6,6,1,1,1,32,5,0,1,60.44,10.24,64.1,87.12,mus,0,1,ZCCEMN.jsonl
ZCCEMN,5,Otoman_John,descarte,0,15,12,12,10,6,6,1,1,1,32,5,0,1,60.44,10.24,64.1,87.12,descarte,0,1,ZCCEMN.jsonl
ZCCEMN,5,Jana,descarte,1,12,15,12,11,10,6,0,0,1,36,3,0,1,76.91,6.28,40.92,84.47,descarte,0,0,ZCCEMN.jsonl
ZCCEMN,5,Jana,mus,1,12,15,12,6,5,4,0,0,0,25,3,0,0,38.43,28.73,37.31,46.36,mus,0,0,ZCCEMN.jsonl
ZCCEMN,5,Otoman_John,mus,0,15,12,12,6,6,1,1,1,0,23,8,0,0,44.1,59.34,63.08,29.09,mus,0,1,ZCCEMN.jsonl
ZCCEMN,5,Otoman_John,descarte,0,15,12,12,6,6,1,1,1,0,23,8,0,0,44.1,59.34,63.08,29.09,descarte,0,1,ZCCEMN.jsonl
ZCCEMN,5,Jana,descarte,1,12,15,12,6,5,4,0,0,0,25,4,0,0,38.43,28.73,37.31,46.36,descarte,0,0,ZCCEMN.jsonl
ZCCEMN,5,Jana,mus,1,12,15,12,12,7,1,1,1,0,28,4,0,0,85.85,39.89,89.26,66.35,mus,0,0,ZCCEMN.jsonl
ZCCEMN,5,Otoman_John,mus,0,15,12,12,11,6,6,1,1,1,32,11,0,1,71.23,10.46,63.79,87.06,mus,0,1,ZCCEMN.jsonl
ZCCEMN,5,Otoman_John,descarte,0,15,12,12,11,6,6,1,1,1,32,11,0,1,71.23,10.46,63.79,87.06,descarte,0,1,ZCCEMN.jsonl
ZCCEMN,5,Jana,descarte,1,12,15,12,12,7,1,1,1,0,28,5,0,0,85.85,39.89,89.26,66.35,descarte,0,0,ZCCEMN.jsonl
ZCCEMN,5,Jana,mus,1,12,15,12,12,1,1,1,3,0,22,5,0,0,73.97,88.56,98.31,23.33,no_mus,0,0,ZCCEMN.jsonl
ZCCEMN,5,Jana,Grande,1,12,15,12,12,1,1,1,3,0,22,5,0,0,73.97,88.56,98.31,23.33,envidar,2,0,ZCCEMN.jsonl
ZCCEMN,5,Otoman_John,Grande,0,15,12,12,12,6,6,1,3,1,32,13,0,1,89.02,9.34,99.33,87.89,subir,2,1,ZCCEMN.jsonl
ZCCEMN,5,Jana,Grande,1,12,15,12,12,1,1,1,3,0,22,5,0,0,73.97,88.56,98.31,23.33,ver,0,0,ZCCEMN.jsonl
ZCCEMN,5,Jana,Chica,1,12,15,12,12,1,1,1,3,0,22,5,0,0,73.97,88.56,98.31,23.33,envidar,2,0,ZCCEMN.jsonl
ZCCEMN,5,Otoman_John,Chica,0,15,12,12,12,6,6,1,3,1,32,13,0,1,89.02,9.34,99.33,87.89,nover,0,1,ZCCEMN.jsonl
ZCCEMN,5,Jana,Pares,1,13,15,12,12,1,1,1,3,0,22,5,1,0,73.97,88.56,97.0,27.41,envidar,2,0,ZCCEMN.jsonl
ZCCEMN,5,Otoman_John,Pares,0,15,13,12,12,6,6,1,3,1,32,13,1,1,89.02,9.34,98.78,89.2,subir,4,1,ZCCEMN.jsonl
ZCCEMN,5,Jana,Pares,1,13,15,12,12,1,1,1,3,0,22,5,1,0,73.97,88.56,97.0,27.41,ordago,0,0,ZCCEMN.jsonl
ZCCEMN,5,Otoman_John,Pares,0,15,13,12,12,6,6,1,3,1,32,13,1,1,89.02,9.34,98.78,89.2,ver,0,1,ZCCEMN.jsonl
L9BU7F,1,Jugador 2,mus,1,0,0,12,12,12,4,1,2,1,34,0,0,1,99.65,21.53,96.5,82.37,no_mus,0,1,L9BU7F.jsonl
L9BU7F,1,Jugador 2,Grande,1,0,0,12,12,12,4,1,2,1,34,0,0,1,99.65,21.53,96.5,82.37,envidar,2,1,L9BU7F.jsonl
L9BU7F,1,Otoman_John,Grande,0,0,0,12,10,7,4,0,0,1,31,0,0,1,65.57,24.17,0.0,91.17,nover,0,0,L9BU7F.jsonl
L9BU7F,1,Jugador 2,Chica,1,1,0,12,12,12,4,1,2,1,34,0,0,1,99.65,21.53,96.5,82.37,pasar,0,1,L9BU7F.jsonl
L9BU7F,1,Otoman_John,Chica,0,0,1,12,10,7,4,0,0,1,31,0,0,1,65.57,24.17,0.0,91.17,pasar,0,0,L9BU7F.jsonl
L9BU7F,1,Jugador 2,Juego,1,1,0,12,12,12,4,1,2,1,34,0,-1,1,99.65,21.53,96.5,21.85,envidar,5,1,L9BU7F.jsonl
L9BU7F,1,Otoman_John,Juego,0,0,1,12,10,7,4,0,0,1,31,0,0,1,65.57,24.17,0.0,63.63,nover,0,0,L9BU7F.jsonl
L9BU7F,2,Otoman_John,mus,1,1,6,12,6,4,1,0,0,0,21,0,0,0,46.14,78.06,44.43,22.72,mus,0,1,L9BU7F.jsonl
L9BU7F,2,Jugador 2,mus,0,6,1,12,11,11,1,1,1,1,31,0,0,1,83.42,41.24,78.27,92.28,no_mus,0,0,L9BU7F.jsonl
L9BU7F,2,Jugador 2,Grande,0,6,1,12,11,11,1,1,1,1,31,0,0,1,83.42,41.24,78.27,92.28,envidar,2,0,L9BU7F.jsonl
L9BU7F,2,Otoman_John,Grande,1,1,6,12,6,4,1,0,0,0,21,0,0,0,46.14,78.06,44.43,22.72,nover,0,1,L9BU7F.jsonl
L9BU7F,2,Otoman_John,Chica,1,1,7,12,6,4,1,0,0,0,21,0,0,0,46.14,78.06,44.43,22.72,envidar,2,1,L9BU7F.jsonl
L9BU7F,2,Jugador 2,Chica,0,7,1,12,11,11,1,1,1,1,31,0,0,1,83.42,41.24,78.27,92.28,nover,0,0,L9BU7F.jsonl
L9BU7F,3,Jugador 2,mus,1,11,2,12,12,7,6,1,1,1,33,0,0,1,93.68,6.12,91.66,78.19,mus,0,1,L9BU7F.jsonl
L9BU7F,3,Otoman_John,mus,0,2,11,12,12,11,4,1,1,1,34,0,0,1,97.43,21.58,82.06,80.12,mus,0,0,L9BU7F.jsonl
L9BU7F,3,Otoman_John,descarte,0,2,11,12,12,11,4,1,1,1,34,0,0,1,97.43,21.58,82.06,80.12,descarte,0,0,L9BU7F.jsonl
L9BU7F,3,Jugador 2,descarte,1,11,2,12,12,7,6,1,1,1,33,1,0,1,93.68,6.12,91.66,78.19,descarte,0,1,L9BU7F.jsonl
L9BU7F,3,Jugador 2,mus,1,11,2,12,12,12,11,1,2,1,40,1,0,1,99.99,0.08,96.38,90.63,no_mus,0,1,L9BU7F.jsonl
L9BU7F,3,Jugador 2,Grande,1,11,2,12,12,12,11,1,2,1,40,1,0,1,99.99,0.08,96.38,90.63,envidar,3,1,L9BU7F.jsonl
L9BU7F,3,Otoman_John,Grande,0,2,11,12,12,11,11,1,3,1,40,2,0,1,98.83,0.11,99.94,89.3,subir,2,0,L9BU7F.jsonl
L9BU7F,3,Jugador 2,Grande,1,11,2,12,12,12,11,1,2,1,40,1,0,1,99.99,0.08,96.38,90.63,ordago,0,1,L9BU7F.jsonl
L9BU7F,3,Otoman_John,Grande,0,2,11,12,12,11,11,1,3,1,40,2,0,1,98.83,0.11,99.94,89.3,ver,0,0,L9BU7F.jsonl
L9BU7F,4,Otoman_John,mus,1,0,0,12,7,6,4,0,0,0,27,0,0,0,54.94,27.56,42.69,61.32,mus,0,0,L9BU7F.jsonl
L9BU7F,4,Jugador 2,mus,0,0,0,12,12,10,5,1,1,1,35,0,0,1,95.24,10.77,82.06,83.38,no_mus,0,1,L9BU7F.jsonl
L9BU7F,4,Jugador 2,Grande,0,0,0,12,12,10,5,1,1,1,35,0,0,1,95.24,10.77,82.06,83.38,envidar,2,1,L9BU7F.jsonl
L9BU7F,4,Otoman_John,Grande,1,0,0,12,7,6,4,0,0,0,27,0,0,0,54.94,27.56,42.69,61.32,nover,0,0,L9BU7F.jsonl
L9BU7F,4,Otoman_John,Chica,1,0,1,12,7,6,4,0,0,0,27,0,0,0,54.94,27.56,42.69,61.32,envidar,2,0,L9BU7F.jsonl
L9BU7F,4,Jugador 2,Chica,0,1,0,12,12,10,5,1,1,1,35,0,0,1,95.24,10.77,82.06,83.38,nover,0,1,L9BU7F.jsonl
L9BU7F,5,Jugador 2,mus,1,4,1,12,11,11,1,1,1,1,31,0,0,1,83.51,41.32,79.1,99.97,no_mus,0,0,L9BU7F.jsonl
L9BU7F,5,Jugador 2,Grande,1,4,1,12,11,11,1,1,1,1,31,0,0,1,83.51,41.32,79.1,99.97,envidar,3,0,L9BU7F.jsonl
L9BU7F,5,Otoman_John,Grande,0,1,4,6,5,4,1,0,0,0,16,0,0,0,2.15,82.38,0.0,4.68,nover,0,1,L9BU7F.jsonl
L9BU7F,5,Jugador 2,Chica,1,5,1,12,11,11,1,1,1,1,31,0,0,1,83.51,41.32,79.1,99.97,pasar,0,0,L9BU7F.jsonl
L9BU7F,5,Otoman_John,Chica,0,1,5,6,5,4,1,0,0,0,16,0,0,0,2.15,82.38,0.0,4.68,envidar,2,1,L9BU7F.jsonl
L9BU7F,5,Jugador 2,Chica,1,5,1,12,11,11,1,1,1,1,31,0,0,1,83.51,41.32,79.1,99.97,ordago,0,0,L9BU7F.jsonl
L9BU7F,5,Otoman_John,Chica,0,1,5,6,5,4,1,0,0,0,16,0,0,0,2.15,82.38,0.0,4.68,ver,0,1,L9BU7F.jsonl
L9BU7F,6,Otoman_John,mus,1,0,0,12,7,6,1,0,0,0,24,0,0,0,54.51,54.51,44.43,39.65,mus,0,0,L9BU7F.jsonl
L9BU7F,6,Jugador 2,mus,0,0,0,12,7,5,1,0,0,0,23,0,0,0,51.98,62.36,0.0,32.67,mus,0,1,L9BU7F.jsonl
L9BU7F,6,Jugador 2,descarte,0,0,0,12,7,5,1,0,0,0,23,0,0,0,51.98,62.36,0.0,32.67,descarte,0,1,L9BU7F.jsonl
L9BU7F,6,Otoman_John,descarte,1,0,0,12,7,6,1,0,0,0,24,3,0,0,54.51,54.51,44.43,39.65,descarte,0,0,L9BU7F.jsonl
L9BU7F,6,Otoman_John,mus,1,0,0,12,11,6,1,0,0,0,27,3,0,0,73.78,49.37,42.85,60.97,mus,0,0,L9BU7F.jsonl
L9BU7F,6,Jugador 2,mus,0,0,0,12,12,12,10,1,2,1,40,2,0,1,99.82,0.31,95.93,88.71,no_mus,0,1,L9BU7F.jsonl
L9BU7F,6,Jugador 2,Grande,0,0,0,12,12,12,10,1,2,1,40,2,0,1,99.82,0.31,95.93,88.71,envidar,2,1,L9BU7F.jsonl
L9BU7F,6,Otoman_John,Grande,1,0,0,12,11,6,1,0,0,0,27,3,0,0,73.78,49.37,42.85,60.97,subir,2,0,L9BU7F.jsonl
L9BU7F,6,Jugador 2,Grande,0,0,0,12,12,12,10,1,2,1,40,2,0,1,99.82,0.31,95.93,88.71,ordago,0,1,L9BU7F.jsonl
L9BU7F,6,Otoman_John,Grande,1,0,0,12,11,6,1,0,0,0,27,3,0,0,73.78,49.37,42.85,60.97,ver,0,0,L9BU7F.jsonl
RMS8VU,1,Jugador 2,mus,1,0,0,12,11,7,1,0,0,0,28,0,0,0,78.06,46.14,44.43,68.39,no_mus,0,0,RMS8VU.jsonl
RMS8VU,1,Jugador 2,Grande,1,0,0,12,11,7,1,0,0,0,28,0,0,0,78.06,46.14,44.43,68.39,envidar,2,0,RMS8VU.jsonl
RMS8VU,1,Otoman_John,Grande,0,0,0,5,5,4,1,1,1,0,15,0,0,0,0.8,82.77,56.86,3.86,nover,0,1,RMS8VU.jsonl
RMS8VU,1,Jugador 2,Chica,1,1,0,12,11,7,1,0,0,0,28,0,0,0,78.06,46.14,44.43,68.39,pasar,0,0,RMS8VU.jsonl
RMS8VU,1,Otoman_John,Chica,0,0,1,5,5,4,1,1,1,0,15,0,0,0,0.8,82.77,56.86,3.86,envidar,2,1,RMS8VU.jsonl
RMS8VU,1,Jugador 2,Chica,1,1,0,12,11,7,1,0,0,0,28,0,0,0,78.06,46.14,44.43,68.39,nover,0,0,RMS8VU.jsonl
RMS8VU,1,Jugador 2,Juego,1,1,1,12,11,7,1,0,0,0,28,0,0,0,78.06,46.14,44.43,90.87,pasar,0,0,RMS8VU.jsonl
RMS8VU,1,Otoman_John,Juego,0,1,1,5,5,4,1,1,1,0,15,0,-1,0,0.8,82.77,56.86,0.0,pasar,0,1,RMS8VU.jsonl
RMS8VU,2,Otoman_John,mus,1,2,3,10,10,7,4,1,1,1,31,0,0,1,17.99,24.72,69.8,100.0,no_mus,0,0,RMS8VU.jsonl
RMS8VU,2,Otoman_John,Grande,1,2,3,10,10,7,4,1,1,1,31,0,0,1,17.99,24.72,69.8,100.0,envidar,2,0,RMS8VU.jsonl
RMS8VU,2,Jugador 2,Grande,0,3,2,12,11,6,4,0,0,0,30,0,0,0,75.82,25.95,0.0,72.44,ver,0,1,RMS8VU.jsonl
RMS8VU,2,Otoman_John,Chica,1,2,3,10,10,7,4,1,1,1,31,0,0,1,17.99,24.72,69.8,100.0,pasar,0,0,RMS8VU.jsonl
RMS8VU,2,Jugador 2,Chica,0,3,2,12,11,6,4,0,0,0,30,0,0,0,75.82,25.95,0.0,72.44,pasar,0,1,RMS8VU.jsonl
RMS8VU,3,Jugador 2,mus,1,6,6,12,6,5,4,0,0,0,25,0,0,0,47.78,32.25,42.69,47.67,mus,0,0,RMS8VU.jsonl
RMS8VU,3,Otoman_John,mus,0,6,6,12,11,7,1,0,0,0,28,0,0,0,77.31,45.4,0.0,62.7,mus,0,1,RMS8VU.jsonl
RMS8VU,3,Otoman_John,descarte,0,6,6,12,11,7,1,0,0,0,28,0,0,0,77.31,45.4,0.0,62.7,descarte,0,1,RMS8VU.jsonl
RMS8VU,3,Jugador 2,descarte,1,6,6,12,6,5,4,0,0,0,25,2,0,0,47.78,32.25,42.69,47.67,descarte,0,0,RMS8VU.jsonl
RMS8VU,3,Jugador 2,mus,1,6,6,12,11,10,5,0,0,1,35,2,0,1,79.8,12.04,41.69,83.04,mus,0,0,RMS8VU.jsonl
RMS8VU,3,Otoman_John,mus,0,6,6,12,11,6,1,0,0,0,27,2,0,0,72.51,53.76,0.0,52.81,mus,0,1,RMS8VU.jsonl
RMS8VU,3,Jugador 2,descarte,1,6,6,12,11,10,5,0,0,1,35,2,0,1,79.8,12.04,41.69,83.04,descarte,0,0,RMS8VU.jsonl
RMS8VU,3,Otoman_John,descarte,0,6,6,12,11,6,1,0,0,0,27,4,0,0,72.51,53.76,0.0,52.81,descarte,0,1,RMS8VU.jsonl
RMS8VU,3,Jugador 2,mus,1,6,6,12,12,11,5,1,1,1,35,5,0,1,97.14,11.14,90.1,83.99,no_mus,0,0,RMS8VU.jsonl
RMS8VU,3,Jugador 2,Grande,1,6,6,12,12,11,5,1,1,1,35,5,0,1,97.14,11.14,90.1,83.99,envidar,2,0,RMS8VU.jsonl
RMS8VU,3,Otoman_John,Grande,0,6,6,12,12,12,1,1,2,1,31,4,0,1,99.16,47.51,96.15,91.43,subir,2,1,RMS8VU.jsonl
RMS8VU,3,Jugador 2,Grande,1,6,6,12,12,11,5,1,1,1,35,5,0,1,97.14,11.14,90.1,83.99,ver,0,0,RMS8VU.jsonl
RMS8VU,3,Jugador 2,Chica,1,6,6,12,12,11,5,1,1,1,35,5,0,1,97.14,11.14,90.1,83.99,pasar,0,0,RMS8VU.jsonl
RMS8VU,3,Otoman_John,Chica,0,6,6,12,12,12,1,1,2,1,31,4,0,1,99.16,47.51,96.15,91.43,pasar,0,1,RMS8VU.jsonl
RMS8VU,3,Jugador 2,Pares,1,6,6,12,12,11,5,1,1,1,35,5,1,1,97.14,11.14,83.03,81.99,envidar,2,0,RMS8VU.jsonl
RMS8VU,3,Otoman_John,Pares,0,6,6,12,12,12,1,1,2,1,31,4,1,1,99.16,47.51,92.54,92.18,ver,0,1,RMS8VU.jsonl
RMS8VU,3,Jugador 2,Juego,1,6,6,12,12,11,5,1,1,1,35,5,1,1,97.14,11.14,83.03,28.13,envidar,2,0,RMS8VU.jsonl
RMS8VU,3,Otoman_John,Juego,0,6,6,12,12,12,1,1,2,1,31,4,1,1,99.16,47.51,92.54,73.57,subir,2,1,RMS8VU.jsonl
RMS8VU,3,Jugador 2,Juego,1,6,6,12,12,11,5,1,1,1,35,5,1,1,97.14,11.14,83.03,28.13,ver,0,0,RMS8VU.jsonl
RMS8VU,4,Otoman_John,mus,1,22,6,10,5,5,4,1,1,0,24,0,0,0,11.62,33.15,58.93,40.84,mus,0,0,RMS8VU.jsonl
RMS8VU,4,Jugador 2,mus,0,6,22,12,12,1,1,1,3,0,22,0,0,0,87.88,87.88,98.68,22.98,no_mus,0,1,RMS8VU.jsonl
RMS8VU,4,Jugador 2,Grande,0,6,22,12,12,1,1,1,3,0,22,0,0,0,87.88,87.88,98.68,22.98,envidar,2,1,RMS8VU.jsonl
RMS8VU,4,Otoman_John,Grande,1,22,6,10,5,5,4,1,1,0,24,0,0,0,11.62,33.15,58.93,40.84,nover,0,0,RMS8VU.jsonl
RMS8VU,4,Otoman_John,Chica,1,22,7,10,5,5,4,1,1,0,24,0,0,0,11.62,33.15,58.93,40.84,envidar,2,0,RMS8VU.jsonl
RMS8VU,4,Jugador 2,Chica,0,7,22,12,12,1,1,1,3,0,22,0,0,0,87.88,87.88,98.68,22.98,ver,0,1,RMS8VU.jsonl
RMS8VU,4,Otoman_John,Pares,1,22,7,10,5,5,4,1,1,0,24,0,1,0,11.62,33.15,31.12,44.13,envidar,2,0,RMS8VU.jsonl
RMS8VU,4,Jugador 2,Pares,0,7,22,12,12,1,1,1,3,0,22,0,1,0,87.88,87.88,97.49,29.98,subir,2,1,RMS8VU.jsonl
RMS8VU,4,Otoman_John,Pares,1,22,7,10,5,5,4,1,1,0,24,0,1,0,11.62,33.15,31.12,44.13,ordago,0,0,RMS8VU.jsonl
RMS8VU,4,Jugador 2,Pares,0,7,22,12,12,1,1,1,3,0,22,0,1,0,87.88,87.88,97.49,29.98,ver,0,1,RMS8VU.jsonl
RMS8VU,5,Jugador 2,mus,1,0,0,10,10,4,1,1,1,0,25,0,0,0,17.72,74.46,70.67,47.12,mus,0,0,RMS8VU.jsonl
RMS8VU,5,Otoman_John,mus,0,0,0,12,6,1,1,1,1,0,18,0,0,0,44.65,92.23,45.84,9.25,mus,0,1,RMS8VU.jsonl
RMS8VU,5,Jugador 2,descarte,1,0,0,10,10,4,1,1,1,0,25,0,0,0,17.72,74.46,70.67,47.12,descarte,0,0,RMS8VU.jsonl
RMS8VU,5,Otoman_John,descarte,0,0,0,12,6,1,1,1,1,0,18,2,0,0,44.65,92.23,45.84,9.25,descarte,0,1,RMS8VU.jsonl
RMS8VU,5,Jugador 2,mus,1,0,0,11,10,10,7,1,1,1,37,1,0,1,30.55,3.39,70.27,86.88,no_mus,0,0,RMS8VU.jsonl
RMS8VU,5,Jugador 2,Grande,1,0,0,11,10,10,7,1,1,1,37,1,0,1,30.55,3.39,70.27,86.88,pasar,0,0,RMS8VU.jsonl
RMS8VU,5,Otoman_John,Grande,0,0,0,12,1,1,1,1,2,0,13,2,0,0,39.1,99.42,93.01,1.06,envidar,2,1,RMS8VU.jsonl
RMS8VU,5,Jugador 2,Grande,1,0,0,11,10,10,7,1,1,1,37,1,0,1,30.55,3.39,70.27,86.88,nover,0,0,RMS8VU.jsonl
RMS8VU,5,Jugador 2,Chica,1,0,1,11,10,10,7,1,1,1,37,1,0,1,30.55,3.39,70.27,86.88,envidar,2,0,RMS8VU.jsonl
RMS8VU,5,Otoman_John,Chica,0,1,0,12,1,1,1,1,2,0,13,2,0,0,39.1,99.42,93.01,1.06,subir,2,1,RMS8VU.jsonl
RMS8VU,5,Jugador 2,Chica,1,0,1,11,10,10,7,1,1,1,37,1,0,1,30.55,3.39,70.27,86.88,nover,0,0,RMS8VU.jsonl
RMS8VU,5,Jugador 2,Pares,1,0,3,11,10,10,7,1,1,1,37,1,1,1,30.55,3.39,49.6,85.21,envidar,2,0,RMS8VU.jsonl
RMS8VU,5,Otoman_John,Pares,0,3,0,12,1,1,1,1,2,0,13,2,1,0,39.1,99.42,86.94,1.98,ver,0,1,RMS8VU.jsonl
RMS8VU,6,Otoman_John,mus,1,7,2,12,11,10,7,0,0,1,37,0,0,1,82.7,2.47,42.69,88.79,mus,0,0,RMS8VU.jsonl
RMS8VU,6,Jugador 2,mus,0,2,7,12,6,5,1,0,0,0,22,0,0,0,46.61,64.72,0.0,23.36,mus,0,1,RMS8VU.jsonl
RMS8VU,6,Otoman_John,descarte,1,7,2,12,11,10,7,0,0,1,37,0,0,1,82.7,2.47,42.69,88.79,descarte,0,0,RMS8VU.jsonl
RMS8VU,6,Jugador 2,descarte,0,2,7,12,6,5,1,0,0,0,22,3,0,0,46.61,64.72,0.0,23.36,descarte,0,1,RMS8VU.jsonl
RMS8VU,6,Otoman_John,mus,1,7,2,12,6,4,1,0,0,0,21,3,0,0,44.92,74.07,43.15,27.28,mus,0,0,RMS8VU.jsonl
RMS8VU,6,Jugador 2,mus,0,2,7,12,11,11,1,1,1,1,31,3,0,1,80.6,44.02,76.14,90.91,no_mus,0,1,RMS8VU.jsonl
RMS8VU,6,Jugador 2,Grande,0,2,7,12,11,11,1,1,1,1,31,3,0,1,80.6,44.02,76.14,90.91,envidar,2,1,RMS8VU.jsonl
RMS8VU,6,Otoman_John,Grande,1,7,2,12,6,4,1,0,0,0,21,3,0,0,44.92,74.07,43.15,27.28,nover,0,0,RMS8VU.jsonl
RMS8VU,6,Otoman_John,Chica,1,7,3,12,6,4,1,0,0,0,21,3,0,0,44.92,74.07,43.15,27.28,envidar,2,0,RMS8VU.jsonl
RMS8VU,6,Jugador 2,Chica,0,3,7,12,11,11,1,1,1,1,31,3,0,1,80.6,44.02,76.14,90.91,ver,0,1,RMS8VU.jsonl
RMS8VU,7,Jugador 2,mus,1,7,9,11,10,10,7,1,1,1,37,0,0,1,33.19,2.67,71.8,88.79,no_mus,0,0,RMS8VU.jsonl
RMS8VU,7,Jugador 2,Grande,1,7,9,11,10,10,7,1,1,1,37,0,0,1,33.19,2.67,71.8,88.79,ordago,0,0,RMS8VU.jsonl
RMS8VU,7,Otoman_John,Grande,0,9,7,12,12,7,1,1,1,0,28,0,0,0,92.23,44.65,83.0,62.7,ver,0,1,RMS8VU.jsonl
RMS8VU,8,Otoman_John,mus,1,0,0,6,5,5,1,1,1,0,17,0,0,0,2.65,67.65,59.7,9.58,mus,0,0,RMS8VU.jsonl
RMS8VU,8,Jugador 2,mus,0,0,0,12,12,11,4,1,1,1,34,0,0,1,97.43,21.58,82.06,80.12,mus,0,1,RMS8VU.jsonl
RMS8VU,8,Otoman_John,descarte,1,0,0,6,5,5,1,1,1,0,17,0,0,0,2.65,67.65,59.7,9.58,descarte,0,0,RMS8VU.jsonl
RMS8VU,8,Jugador 2,descarte,0,0,0,12,12,11,4,1,1,1,34,2,0,1,97.43,21.58,82.06,80.12,descarte,0,1,RMS8VU.jsonl
RMS8VU,8,Otoman_John,mus,1,0,0,12,11,5,5,1,1,0,30,2,0,0,71.93,18.73,62.43,72.02,mus,0,0,RMS8VU.jsonl
RMS8VU,8,Jugador 2,mus,0,0,0,12,12,4,1,1,1,0,25,2,0,0,87.21,72.56,81.36,42.49,mus,0,1,RMS8VU.jsonl
RMS8VU,8,Jugador 2,descarte,0,0,0,12,12,4,1,1,1,0,25,2,0,0,87.21,72.56,81.36,42.49,descarte,0,1,RMS8VU.jsonl
RMS8VU,8,Otoman_John,descarte,1,0,0,12,11,5,5,1,1,0,30,4,0,0,71.93,18.73,62.43,72.02,descarte,0,0,RMS8VU.jsonl
RMS8VU,8,Otoman_John,mus,1,0,0,12,12,5,5,1,3,0,30,4,0,0,88.64,17.45,99.3,74.43,no_mus,0,0,RMS8VU.jsonl
RMS8VU,8,Otoman_John,Grande,1,0,0,12,12,5,5,1,3,0,30,4,0,0,88.64,17.45,99.3,74.43,envidar,2,0,RMS8VU.jsonl
RMS8VU,8,Jugador 2,Grande,0,0,0,12,12,11,1,1,1,1,31,3,0,1,96.47,41.91,80.39,91.79,subir,2,1,RMS8VU.jsonl
RMS8VU,8,Otoman_John,Grande,1,0,0,12,12,5,5,1,3,0,30,4,0,0,88.64,17.45,99.3,74.43,ver,0,0,RMS8VU.jsonl
RMS8VU,8,Otoman_John,Chica,1,0,0,12,12,5,5,1,3,0,30,4,0,0,88.64,17.45,99.3,74.43,pasar,0,0,RMS8VU.jsonl
RMS8VU,8,Jugador 2,Chica,0,0,0,12,12,11,1,1,1,1,31,3,0,1,96.47,41.91,80.39,91.79,pasar,0,1,RMS8VU.jsonl
RMS8VU,8,Otoman_John,Pares,1,0,0,12,12,5,5,1,3,0,30,4,1,0,88.64,17.45,98.76,70.52,envidar,2,0,RMS8VU.jsonl
RMS8VU,8,Jugador 2,Pares,0,0,0,12,12,11,1,1,1,1,31,3,1,1,96.47,41.91,64.64,91.94,ver,0,1,RMS8VU.jsonl
RMS8VU,9,Jugador 2,mus,1,8,5,11,7,6,1,0,0,0,24,0,0,0,27.56,54.94,42.69,39.65,mus,0,0,RMS8VU.jsonl
RMS8VU,9,Otoman_John,mus,0,5,8,12,12,6,1,1,1,0,27,0,0,0,90.55,50.02,83.0,55.78,mus,0,1,RMS8VU.jsonl
RMS8VU,9,Otoman_John,descarte,0,5,8,12,12,6,1,1,1,0,27,0,0,0,90.55,50.02,83.0,55.78,descarte,0,1,RMS8VU.jsonl
RMS8VU,9,Jugador 2,descarte,1,8,5,11,7,6,1,0,0,0,24,1,0,0,27.56,54.94,42.69,39.65,descarte,0,0,RMS8VU.jsonl
RMS8VU,9,Jugador 2,mus,1,8,5,11,10,4,1,0,0,0,25,1,0,0,25.71,76.44,42.78,43.18,mus,0,0,RMS8VU.jsonl
RMS8VU,9,Otoman_John,mus,0,5,8,12,12,10,1,1,1,1,31,3,0,1,93.85,40.71,82.31,91.91,no_mus,0,1,RMS8VU.jsonl
RMS8VU,9,Otoman_John,Grande,0,5,8,12,12,10,1,1,1,1,31,3,0,1,93.85,40.71,82.31,91.91,envidar,2,1,RMS8VU.jsonl
RMS8VU,9,Jugador 2,Grande,1,8,5,11,10,4,1,0,0,0,25,1,0,0,25.71,76.44,42.78,43.18,ordago,0,0,RMS8VU.jsonl
RMS8VU,9,Otoman_John,Grande,0,5,8,12,12,10,1,1,1,1,31,3,0,1,93.85,40.71,82.31,91.91,nover,0,1,RMS8VU.jsonl
RMS8VU,9,Jugador 2,Chica,1,10,5,11,10,4,1,0,0,0,25,1,0,0,25.71,76.44,42.78,43.18,pasar,0,0,RMS8VU.jsonl
RMS8VU,9,Otoman_John,Chica,0,5,10,12,12,10,1,1,1,1,31,3,0,1,93.85,40.71,82.31,91.91,envidar,2,1,RMS8VU.jsonl
RMS8VU,9,Jugador 2,Chica,1,10,5,11,10,4,1,0,0,0,25,1,0,0,25.71,76.44,42.78,43.18,nover,0,0,RMS8VU.jsonl
RMS8VU,9,Jugador 2,Juego,1,10,6,11,10,4,1,0,0,0,25,1,0,0,25.71,76.44,42.78,61.74,nover,0,0,RMS8VU.jsonl
RMS8VU,10,Otoman_John,mus,1,11,10,12,11,5,5,1,1,0,30,0,0,0,74.46,17.72,62.87,75.34,mus,0,0,RMS8VU.jsonl
RMS8VU,10,Jugador 2,mus,0,10,11,12,12,7,6,1,1,1,33,0,0,1,93.46,5.89,82.06,76.8,no_mus,0,1,RMS8VU.jsonl
RMS8VU,10,Jugador 2,Grande,0,10,11,12,12,7,6,1,1,1,33,0,0,1,93.46,5.89,82.06,76.8,envidar,2,1,RMS8VU.jsonl
RMS8VU,10,Otoman_John,Grande,1,11,10,12,11,5,5,1,1,0,30,0,0,0,74.46,17.72,62.87,75.34,ordago,0,0,RMS8VU.jsonl
RMS8VU,10,Jugador 2,Grande,0,10,11,12,12,7,6,1,1,1,33,0,0,1,93.46,5.89,82.06,76.8,ver,0,1,RMS8VU.jsonl
